{"cameraMode":{"drawMode":0,"name":"Shaded","section":"Shading Mode"},"sceneLighting":true,"audioPlay":false,"sceneViewState":{"m_AlwaysRefresh":false,"showFog":true,"showSkybox":true,"showFlares":true,"showImageEffects":true,"showParticleSystems":true,"showVisualEffectGraphs":true,"m_FxEnabled":true},"in2DMode":false,"pivot":{"x":326.6612548828125,"y":64.22000122070313,"z":278.44427490234377},"rotation":{"x":-0.09310697764158249,"y":0.037923071533441547,"z":-0.0035485399421304466,"w":-0.9949294924736023},"size":0.2595210075378418,"orthographic":false}