{"cameraMode":{"drawMode":0,"name":"Shaded","section":"Shading Mode"},"sceneLighting":true,"audioPlay":false,"sceneViewState":{"m_AlwaysRefresh":false,"showFog":true,"showSkybox":true,"showFlares":true,"showImageEffects":true,"showParticleSystems":true,"showVisualEffectGraphs":true,"m_FxEnabled":true},"in2DMode":false,"pivot":{"x":329.70831298828127,"y":74.64881134033203,"z":284.5711364746094},"rotation":{"x":0.016646087169647218,"y":0.34153544902801516,"z":-0.006042501889169216,"w":0.9397310614585877},"size":17.21209144592285,"orthographic":false}